,sim,state,soln,dist_x,time,step,pH,pe,reaction,temp(C),mass_H2O,Alkalinity(mol/kgw),B(mol/kgw),Ba(mol/kgw),Br(mol/kgw),C(mol/kgw),C(4)(mol/kgw),Ca(mol/kgw),Cl(mol/kgw),E(mol/kgw),Fe(mol/kgw),H(mol/kgw),H(1)(mol/kgw),K(mol/kgw),Li(mol/kgw),Mg(mol/kgw),Mn(mol/kgw),Na(mol/kgw),O(mol/kgw),O(-2)(mol/kgw),S(mol/kgw),S(6)(mol/kgw),Si(mol/kgw),Sr(mol/kgw),Sg(mol/kgw),Akermanite,d_Akermanite,Anhydrite,d_Anhydrite,Anthophyllite,d_Anthophyllite,Antigorite,d_Antigorite,Aragonite,d_Aragonite,Arcanite,d_Arcanite,Artinite,d_Artinite,Barite,d_Barite,Bischofite,d_Bischofite,Bloedite,d_Bloedite,Brucite,d_Brucite,Burkeite,d_Burkeite,Calcite,d_Calcite,Carnallite,d_Carnallite,Celestite,d_Celestite,Chalcedony,d_Chalcedony,Chrysotile,d_Chrysotile,Diopside,d_Diopside,Dolomite,d_Dolomite,Enstatite,d_Enstatite,Epsomite,d_Epsomite,Forsterite,d_Forsterite,Gaylussite,d_Gaylussite,Glaserite,d_Glaserite,Glauberite,d_Glauberite,Goergeyite,d_Goergeyite,Gypsum,d_Gypsum,Halite,d_Halite,Hexahydrite,d_Hexahydrite,Huntite,d_Huntite,Kainite,d_Kainite,Kalicinite,d_Kalicinite,Kieserite,d_Kieserite,Labile_S,d_Labile_S,Leonhardite,d_Leonhardite,Leonite,d_Leonite,Magnesite,d_Magnesite,MgCl2_2H2O,d_MgCl2_2H2O,MgCl2_4H2O,d_MgCl2_4H2O,Mirabilite,d_Mirabilite,Misenite,d_Misenite,Nahcolite,d_Nahcolite,Natron,d_Natron,Nesquehonite,d_Nesquehonite,Pentahydrite,d_Pentahydrite,Pirssonite,d_Pirssonite,Polyhalite,d_Polyhalite,Portlandite,d_Portlandite,Quartz,d_Quartz,Schoenite,d_Schoenite,Sepiolite,d_Sepiolite,Sylvite,d_Sylvite,Syngenite,d_Syngenite,Talc,d_Talc,Thenardite,d_Thenardite,Trona,d_Trona,Borax,d_Borax,Teepleite,d_Teepleite,si_Akermanite,si_Anhydrite,si_Anthophyllite,si_Antigorite,si_Aragonite,si_Arcanite,si_Artinite,si_Barite,si_Bischofite,si_Bloedite,si_Brucite,si_Burkeite,si_Calcite,si_Carnallite,si_Celestite,si_Chalcedony,si_Chrysotile,si_Diopside,si_Dolomite,si_Enstatite,si_Epsomite,si_Forsterite,si_Gaylussite,si_Glaserite,si_Glauberite,si_Goergeyite,si_Gypsum,si_Halite,si_Hexahydrite,si_Huntite,si_Kainite,si_Kalicinite,si_Kieserite,si_Labile_S,si_Leonhardite,si_Leonite,si_Magnesite,si_MgCl2_2H2O,si_MgCl2_4H2O,si_Mirabilite,si_Misenite,si_Nahcolite,si_Natron,si_Nesquehonite,si_Pentahydrite,si_Pirssonite,si_Polyhalite,si_Portlandite,si_Quartz,si_Schoenite,si_Sepiolite,si_Sylvite,si_Syngenite,si_Talc,si_Thenardite,si_Trona,si_Borax,si_Teepleite
0,1,i_soln,0,-99.0,-99.0,-99,8.177661968810723,0.2679,-99.0,24.5,15.856409238986078,3.800313940433934e-05,0.00013134361065005005,8.461797758607911e-08,0.0,0.0,0.0,0.020400866973116723,0.7376712532420729,0.0,1.188130982531337e-07,0.0,0.0,0.00813287312289739,3.470149447305658e-05,0.07154340100122022,5.884153011726047e-09,0.7543958175488221,0.0,0.0,0.10447161663816384,0.10447161663816384,0.0,0.00010007145624052092,0.0,0.0,0.0,0.0,0.0,0.0,0.0,0.0,0.0,0.0,0.0,0.0,0.0,0.0,0.0,0.0,0.0,0.0,0.0,0.0,0.0,0.0,0.0,0.0,0.0,0.0,0.0,0.0,0.0,0.0,0.0,0.0,0.0,0.0,0.0,0.0,0.0,0.0,0.0,0.0,0.0,0.0,0.0,0.0,0.0,0.0,0.0,0.0,0.0,0.0,0.0,0.0,0.0,0.0,0.0,0.0,0.0,0.0,0.0,0.0,0.0,0.0,0.0,0.0,0.0,0.0,0.0,0.0,0.0,0.0,0.0,0.0,0.0,0.0,0.0,0.0,0.0,0.0,0.0,0.0,0.0,0.0,0.0,0.0,0.0,0.0,0.0,0.0,0.0,0.0,0.0,0.0,0.0,0.0,0.0,0.0,0.0,0.0,0.0,0.0,0.0,0.0,0.0,0.0,0.0,0.0,0.0,0.0,0.0,0.0,0.0,0.0,0.0,0.0,0.0,0.0,0.0,-999.999,-0.3583184238993269,-999.999,-999.999,-999.999,-4.90886657935442,-999.999,-0.2558525722514595,-7.178639936193431,-4.45104971069361,-2.6012552685748425,-999.999,-999.999,-9.659904975766771,-0.26806027304820557,-999.999,-999.999,-999.999,-999.999,-999.999,-2.218117890268277,-999.999,-999.999,-7.763865969005009,-2.020885014136706,-0.4268128226714083,-0.026487942329041836,-2.2233207743125747,-2.4914144546051666,-999.999,-6.487895759589652,-999.999,-3.7401198098993307,-4.482098973538826,-3.1472909511606884,-6.850186748282357,-999.999,-17.131098135587024,-9.544482566547039,-1.619951348136469,-72.01216730678337,-999.999,-999.999,-999.999,-2.7610770989857327,-999.999,-6.267632770278055,-8.913089801409283,-999.999,-6.524759043932444,-999.999,-3.5543327318496445,-4.989299484785411,-999.999,-2.465869014784184,-999.999,-12.746077729005394,-7.604786346113227
1,1,i_soln,1,-99.0,-99.0,-99,7.0,4.0,-99.0,25.0,15.856409238986078,1.2162927785745564e-09,0.0,0.0,0.0,0.0,0.0,0.0,0.0,0.0,0.0,0.0,0.0,0.0,0.0,0.0,0.0,0.0,0.0,0.0,0.0,0.0,0.0,0.0,0.0,0.0,0.0,0.0,0.0,0.0,0.0,0.0,0.0,0.0,0.0,0.0,0.0,0.0,0.0,0.0,0.0,0.0,0.0,0.0,0.0,0.0,0.0,0.0,0.0,0.0,0.0,0.0,0.0,0.0,0.0,0.0,0.0,0.0,0.0,0.0,0.0,0.0,0.0,0.0,0.0,0.0,0.0,0.0,0.0,0.0,0.0,0.0,0.0,0.0,0.0,0.0,0.0,0.0,0.0,0.0,0.0,0.0,0.0,0.0,0.0,0.0,0.0,0.0,0.0,0.0,0.0,0.0,0.0,0.0,0.0,0.0,0.0,0.0,0.0,0.0,0.0,0.0,0.0,0.0,0.0,0.0,0.0,0.0,0.0,0.0,0.0,0.0,0.0,0.0,0.0,0.0,0.0,0.0,0.0,0.0,0.0,0.0,0.0,0.0,0.0,0.0,0.0,0.0,0.0,0.0,0.0,0.0,0.0,0.0,0.0,0.0,0.0,0.0,0.0,0.0,0.0,-999.999,-999.999,-999.999,-999.999,-999.999,-999.999,-999.999,-999.999,-999.999,-999.999,-999.999,-999.999,-999.999,-999.999,-999.999,-999.999,-999.999,-999.999,-999.999,-999.999,-999.999,-999.999,-999.999,-999.999,-999.999,-999.999,-999.999,-999.999,-999.999,-999.999,-999.999,-999.999,-999.999,-999.999,-999.999,-999.999,-999.999,-999.999,-999.999,-999.999,-999.999,-999.999,-999.999,-999.999,-999.999,-999.999,-999.999,-999.999,-999.999,-999.999,-999.999,-999.999,-999.999,-999.999,-999.999,-999.999,-999.999,-999.999
2,1,react,0,-99.0,0.0,1,8.175968585414726,0.2679,8.264046174945337,24.5,15.707524183122423,3.836335527749278e-05,0.00013258856183321596,8.542003602485736e-08,0.0,0.0,0.0,0.020594238263421397,0.7446633306991913,0.0,1.199392779466772e-07,0.0,0.0,0.008209961227624423,3.503041543366829e-05,0.07222153099359141,5.939926438503894e-09,0.7615464201599647,0.0,0.0,0.10546185942232242,0.10546185942232242,0.0,0.0001010199917435762,0.0,0.0,0.0,0.0,0.0,0.0,0.0,0.0,0.0,0.0,0.0,0.0,0.0,0.0,0.0,0.0,0.0,0.0,0.0,0.0,0.0,0.0,0.0,0.0,0.0,0.0,0.0,0.0,0.0,0.0,0.0,0.0,0.0,0.0,0.0,0.0,0.0,0.0,0.0,0.0,0.0,0.0,0.0,0.0,0.0,0.0,0.0,0.0,0.0,0.0,0.0,0.0,0.0,0.0,0.0,0.0,0.0,0.0,0.0,0.0,0.0,0.0,0.0,0.0,0.0,0.0,0.0,0.0,0.0,0.0,0.0,0.0,0.0,0.0,0.0,0.0,0.0,0.0,0.0,0.0,0.0,0.0,0.0,0.0,0.0,0.0,0.0,0.0,0.0,0.0,0.0,0.0,0.0,0.0,0.0,0.0,0.0,0.0,0.0,0.0,0.0,0.0,0.0,0.0,0.0,0.0,0.0,0.0,0.0,0.0,0.0,0.0,0.0,0.0,0.0,0.0,0.0,-999.999,-0.3536023561371344,-999.999,-999.999,-999.999,-4.900877996465955,-999.999,-0.2517756208864803,-7.1672560234815155,-4.437677308250571,-2.60025546505622,-999.999,-999.999,-9.64102377854654,-0.26352047197149364,-999.999,-999.999,-999.999,-999.999,-999.999,-2.2138554846201224,-999.999,-999.999,-7.747501377678256,-2.0074055123864083,-0.39535942190756757,-0.022002916438035314,-2.215436064254438,-2.4870365280214193,-999.999,-6.475673985690808,-999.999,-3.7351642786376162,-4.46008707967161,-3.142681982705754,-6.837589196938956,-999.999,-17.119252139132733,-9.532867611963937,-1.6123431235042958,-71.968692354807,-999.999,-999.999,-999.999,-2.756583651466392,-999.999,-6.245372041539085,-8.912444982325775,-999.999,-6.512392534460232,-999.999,-3.5468354473413273,-4.976710355070347,-999.999,-2.457105580796079,-999.999,-12.726149593776714,-7.590659915218871
3,1,transp,1,0.042333333333333334,0.0,0,7.0,4.0,8.168119865393262,25.0,15.856409238986078,1.2162927785745564e-09,0.0,0.0,0.0,0.0,0.0,0.0,0.0,0.0,0.0,0.0,0.0,0.0,0.0,0.0,0.0,0.0,0.0,0.0,0.0,0.0,0.0,0.0,0.0,0.0,0.0,0.0,0.0,0.0,0.0,0.0,0.0,0.0,0.0,0.0,0.0,0.0,0.0,0.0,0.0,0.0,0.0,0.0,0.0,0.0,0.0,0.0,0.0,0.0,0.0,0.0,0.0,0.0,0.0,0.0,0.0,0.0,0.0,0.0,0.0,0.0,0.0,0.0,0.0,0.0,0.0,0.0,0.0,0.0,0.0,0.0,0.0,0.0,0.0,0.0,0.0,0.0,0.0,0.0,0.0,0.0,0.0,0.0,0.0,0.0,0.0,0.0,0.0,0.0,0.0,0.0,0.0,0.0,0.0,0.0,0.0,0.0,0.0,0.0,0.0,0.0,0.0,0.0,0.0,0.0,0.0,0.0,0.0,0.0,0.0,0.0,0.0,0.0,0.0,0.0,0.0,0.0,0.0,0.0,0.0,0.0,0.0,0.0,0.0,0.0,0.0,0.0,0.0,0.0,0.0,0.0,0.0,0.0,0.0,0.0,0.0,0.0,0.0,0.0,0.0,-999.999,-999.999,-999.999,-999.999,-999.999,-999.999,-999.999,-999.999,-999.999,-999.999,-999.999,-999.999,-999.999,-999.999,-999.999,-999.999,-999.999,-999.999,-999.999,-999.999,-999.999,-999.999,-999.999,-999.999,-999.999,-999.999,-999.999,-999.999,-999.999,-999.999,-999.999,-999.999,-999.999,-999.999,-999.999,-999.999,-999.999,-999.999,-999.999,-999.999,-999.999,-999.999,-999.999,-999.999,-999.999,-999.999,-999.999,-999.999,-999.999,-999.999,-999.999,-999.999,-999.999,-999.999,-999.999,-999.999,-999.999,-999.999
4,1,transp,2,0.127,0.0,0,7.0,4.0,8.072193555841187,25.0,15.856409238986078,1.2162927785745564e-09,0.0,0.0,0.0,0.0,0.0,0.0,0.0,0.0,0.0,0.0,0.0,0.0,0.0,0.0,0.0,0.0,0.0,0.0,0.0,0.0,0.0,0.0,0.0,0.0,0.0,0.0,0.0,0.0,0.0,0.0,0.0,0.0,0.0,0.0,0.0,0.0,0.0,0.0,0.0,0.0,0.0,0.0,0.0,0.0,0.0,0.0,0.0,0.0,0.0,0.0,0.0,0.0,0.0,0.0,0.0,0.0,0.0,0.0,0.0,0.0,0.0,0.0,0.0,0.0,0.0,0.0,0.0,0.0,0.0,0.0,0.0,0.0,0.0,0.0,0.0,0.0,0.0,0.0,0.0,0.0,0.0,0.0,0.0,0.0,0.0,0.0,0.0,0.0,0.0,0.0,0.0,0.0,0.0,0.0,0.0,0.0,0.0,0.0,0.0,0.0,0.0,0.0,0.0,0.0,0.0,0.0,0.0,0.0,0.0,0.0,0.0,0.0,0.0,0.0,0.0,0.0,0.0,0.0,0.0,0.0,0.0,0.0,0.0,0.0,0.0,0.0,0.0,0.0,0.0,0.0,0.0,0.0,0.0,0.0,0.0,0.0,0.0,0.0,0.0,-999.999,-999.999,-999.999,-999.999,-999.999,-999.999,-999.999,-999.999,-999.999,-999.999,-999.999,-999.999,-999.999,-999.999,-999.999,-999.999,-999.999,-999.999,-999.999,-999.999,-999.999,-999.999,-999.999,-999.999,-999.999,-999.999,-999.999,-999.999,-999.999,-999.999,-999.999,-999.999,-999.999,-999.999,-999.999,-999.999,-999.999,-999.999,-999.999,-999.999,-999.999,-999.999,-999.999,-999.999,-999.999,-999.999,-999.999,-999.999,-999.999,-999.999,-999.999,-999.999,-999.999,-999.999,-999.999,-999.999,-999.999,-999.999
5,1,transp,3,0.21166666666666667,0.0,0,7.0,4.0,7.976267246289113,25.0,15.856409238986078,1.2162927785745564e-09,0.0,0.0,0.0,0.0,0.0,0.0,0.0,0.0,0.0,0.0,0.0,0.0,0.0,0.0,0.0,0.0,0.0,0.0,0.0,0.0,0.0,0.0,0.0,0.0,0.0,0.0,0.0,0.0,0.0,0.0,0.0,0.0,0.0,0.0,0.0,0.0,0.0,0.0,0.0,0.0,0.0,0.0,0.0,0.0,0.0,0.0,0.0,0.0,0.0,0.0,0.0,0.0,0.0,0.0,0.0,0.0,0.0,0.0,0.0,0.0,0.0,0.0,0.0,0.0,0.0,0.0,0.0,0.0,0.0,0.0,0.0,0.0,0.0,0.0,0.0,0.0,0.0,0.0,0.0,0.0,0.0,0.0,0.0,0.0,0.0,0.0,0.0,0.0,0.0,0.0,0.0,0.0,0.0,0.0,0.0,0.0,0.0,0.0,0.0,0.0,0.0,0.0,0.0,0.0,0.0,0.0,0.0,0.0,0.0,0.0,0.0,0.0,0.0,0.0,0.0,0.0,0.0,0.0,0.0,0.0,0.0,0.0,0.0,0.0,0.0,0.0,0.0,0.0,0.0,0.0,0.0,0.0,0.0,0.0,0.0,0.0,0.0,0.0,0.0,-999.999,-999.999,-999.999,-999.999,-999.999,-999.999,-999.999,-999.999,-999.999,-999.999,-999.999,-999.999,-999.999,-999.999,-999.999,-999.999,-999.999,-999.999,-999.999,-999.999,-999.999,-999.999,-999.999,-999.999,-999.999,-999.999,-999.999,-999.999,-999.999,-999.999,-999.999,-999.999,-999.999,-999.999,-999.999,-999.999,-999.999,-999.999,-999.999,-999.999,-999.999,-999.999,-999.999,-999.999,-999.999,-999.999,-999.999,-999.999,-999.999,-999.999,-999.999,-999.999,-999.999,-999.999,-999.999,-999.999,-999.999,-999.999
6,1,transp,4,0.29633333333333334,0.0,0,7.0,4.0,7.880340936737038,25.0,15.856409238986078,1.2162927785745564e-09,0.0,0.0,0.0,0.0,0.0,0.0,0.0,0.0,0.0,0.0,0.0,0.0,0.0,0.0,0.0,0.0,0.0,0.0,0.0,0.0,0.0,0.0,0.0,0.0,0.0,0.0,0.0,0.0,0.0,0.0,0.0,0.0,0.0,0.0,0.0,0.0,0.0,0.0,0.0,0.0,0.0,0.0,0.0,0.0,0.0,0.0,0.0,0.0,0.0,0.0,0.0,0.0,0.0,0.0,0.0,0.0,0.0,0.0,0.0,0.0,0.0,0.0,0.0,0.0,0.0,0.0,0.0,0.0,0.0,0.0,0.0,0.0,0.0,0.0,0.0,0.0,0.0,0.0,0.0,0.0,0.0,0.0,0.0,0.0,0.0,0.0,0.0,0.0,0.0,0.0,0.0,0.0,0.0,0.0,0.0,0.0,0.0,0.0,0.0,0.0,0.0,0.0,0.0,0.0,0.0,0.0,0.0,0.0,0.0,0.0,0.0,0.0,0.0,0.0,0.0,0.0,0.0,0.0,0.0,0.0,0.0,0.0,0.0,0.0,0.0,0.0,0.0,0.0,0.0,0.0,0.0,0.0,0.0,0.0,0.0,0.0,0.0,0.0,0.0,-999.999,-999.999,-999.999,-999.999,-999.999,-999.999,-999.999,-999.999,-999.999,-999.999,-999.999,-999.999,-999.999,-999.999,-999.999,-999.999,-999.999,-999.999,-999.999,-999.999,-999.999,-999.999,-999.999,-999.999,-999.999,-999.999,-999.999,-999.999,-999.999,-999.999,-999.999,-999.999,-999.999,-999.999,-999.999,-999.999,-999.999,-999.999,-999.999,-999.999,-999.999,-999.999,-999.999,-999.999,-999.999,-999.999,-999.999,-999.999,-999.999,-999.999,-999.999,-999.999,-999.999,-999.999,-999.999,-999.999,-999.999,-999.999
7,1,transp,5,0.381,0.0,0,7.0,4.0,7.7844146271849635,25.0,15.856409238986078,1.2162927785745564e-09,0.0,0.0,0.0,0.0,0.0,0.0,0.0,0.0,0.0,0.0,0.0,0.0,0.0,0.0,0.0,0.0,0.0,0.0,0.0,0.0,0.0,0.0,0.0,0.0,0.0,0.0,0.0,0.0,0.0,0.0,0.0,0.0,0.0,0.0,0.0,0.0,0.0,0.0,0.0,0.0,0.0,0.0,0.0,0.0,0.0,0.0,0.0,0.0,0.0,0.0,0.0,0.0,0.0,0.0,0.0,0.0,0.0,0.0,0.0,0.0,0.0,0.0,0.0,0.0,0.0,0.0,0.0,0.0,0.0,0.0,0.0,0.0,0.0,0.0,0.0,0.0,0.0,0.0,0.0,0.0,0.0,0.0,0.0,0.0,0.0,0.0,0.0,0.0,0.0,0.0,0.0,0.0,0.0,0.0,0.0,0.0,0.0,0.0,0.0,0.0,0.0,0.0,0.0,0.0,0.0,0.0,0.0,0.0,0.0,0.0,0.0,0.0,0.0,0.0,0.0,0.0,0.0,0.0,0.0,0.0,0.0,0.0,0.0,0.0,0.0,0.0,0.0,0.0,0.0,0.0,0.0,0.0,0.0,0.0,0.0,0.0,0.0,0.0,0.0,-999.999,-999.999,-999.999,-999.999,-999.999,-999.999,-999.999,-999.999,-999.999,-999.999,-999.999,-999.999,-999.999,-999.999,-999.999,-999.999,-999.999,-999.999,-999.999,-999.999,-999.999,-999.999,-999.999,-999.999,-999.999,-999.999,-999.999,-999.999,-999.999,-999.999,-999.999,-999.999,-999.999,-999.999,-999.999,-999.999,-999.999,-999.999,-999.999,-999.999,-999.999,-999.999,-999.999,-999.999,-999.999,-999.999,-999.999,-999.999,-999.999,-999.999,-999.999,-999.999,-999.999,-999.999,-999.999,-999.999,-999.999,-999.999
8,1,transp,6,0.4656666666666667,0.0,0,7.0,4.0,7.688488317632888,25.0,15.856409238986078,1.2162927785745564e-09,0.0,0.0,0.0,0.0,0.0,0.0,0.0,0.0,0.0,0.0,0.0,0.0,0.0,0.0,0.0,0.0,0.0,0.0,0.0,0.0,0.0,0.0,0.0,0.0,0.0,0.0,0.0,0.0,0.0,0.0,0.0,0.0,0.0,0.0,0.0,0.0,0.0,0.0,0.0,0.0,0.0,0.0,0.0,0.0,0.0,0.0,0.0,0.0,0.0,0.0,0.0,0.0,0.0,0.0,0.0,0.0,0.0,0.0,0.0,0.0,0.0,0.0,0.0,0.0,0.0,0.0,0.0,0.0,0.0,0.0,0.0,0.0,0.0,0.0,0.0,0.0,0.0,0.0,0.0,0.0,0.0,0.0,0.0,0.0,0.0,0.0,0.0,0.0,0.0,0.0,0.0,0.0,0.0,0.0,0.0,0.0,0.0,0.0,0.0,0.0,0.0,0.0,0.0,0.0,0.0,0.0,0.0,0.0,0.0,0.0,0.0,0.0,0.0,0.0,0.0,0.0,0.0,0.0,0.0,0.0,0.0,0.0,0.0,0.0,0.0,0.0,0.0,0.0,0.0,0.0,0.0,0.0,0.0,0.0,0.0,0.0,0.0,0.0,0.0,-999.999,-999.999,-999.999,-999.999,-999.999,-999.999,-999.999,-999.999,-999.999,-999.999,-999.999,-999.999,-999.999,-999.999,-999.999,-999.999,-999.999,-999.999,-999.999,-999.999,-999.999,-999.999,-999.999,-999.999,-999.999,-999.999,-999.999,-999.999,-999.999,-999.999,-999.999,-999.999,-999.999,-999.999,-999.999,-999.999,-999.999,-999.999,-999.999,-999.999,-999.999,-999.999,-999.999,-999.999,-999.999,-999.999,-999.999,-999.999,-999.999,-999.999,-999.999,-999.999,-999.999,-999.999,-999.999,-999.999,-999.999,-999.999
9,1,transp,7,0.5503333333333333,0.0,0,7.0,4.0,7.592562008080813,25.0,15.856409238986078,1.2162927785745564e-09,0.0,0.0,0.0,0.0,0.0,0.0,0.0,0.0,0.0,0.0,0.0,0.0,0.0,0.0,0.0,0.0,0.0,0.0,0.0,0.0,0.0,0.0,0.0,0.0,0.0,0.0,0.0,0.0,0.0,0.0,0.0,0.0,0.0,0.0,0.0,0.0,0.0,0.0,0.0,0.0,0.0,0.0,0.0,0.0,0.0,0.0,0.0,0.0,0.0,0.0,0.0,0.0,0.0,0.0,0.0,0.0,0.0,0.0,0.0,0.0,0.0,0.0,0.0,0.0,0.0,0.0,0.0,0.0,0.0,0.0,0.0,0.0,0.0,0.0,0.0,0.0,0.0,0.0,0.0,0.0,0.0,0.0,0.0,0.0,0.0,0.0,0.0,0.0,0.0,0.0,0.0,0.0,0.0,0.0,0.0,0.0,0.0,0.0,0.0,0.0,0.0,0.0,0.0,0.0,0.0,0.0,0.0,0.0,0.0,0.0,0.0,0.0,0.0,0.0,0.0,0.0,0.0,0.0,0.0,0.0,0.0,0.0,0.0,0.0,0.0,0.0,0.0,0.0,0.0,0.0,0.0,0.0,0.0,0.0,0.0,0.0,0.0,0.0,0.0,-999.999,-999.999,-999.999,-999.999,-999.999,-999.999,-999.999,-999.999,-999.999,-999.999,-999.999,-999.999,-999.999,-999.999,-999.999,-999.999,-999.999,-999.999,-999.999,-999.999,-999.999,-999.999,-999.999,-999.999,-999.999,-999.999,-999.999,-999.999,-999.999,-999.999,-999.999,-999.999,-999.999,-999.999,-999.999,-999.999,-999.999,-999.999,-999.999,-999.999,-999.999,-999.999,-999.999,-999.999,-999.999,-999.999,-999.999,-999.999,-999.999,-999.999,-999.999,-999.999,-999.999,-999.999,-999.999,-999.999,-999.999,-999.999
10,1,transp,8,0.635,0.0,0,7.0,4.0,7.496635698528739,25.0,15.856409238986078,1.2162927785745564e-09,0.0,0.0,0.0,0.0,0.0,0.0,0.0,0.0,0.0,0.0,0.0,0.0,0.0,0.0,0.0,0.0,0.0,0.0,0.0,0.0,0.0,0.0,0.0,0.0,0.0,0.0,0.0,0.0,0.0,0.0,0.0,0.0,0.0,0.0,0.0,0.0,0.0,0.0,0.0,0.0,0.0,0.0,0.0,0.0,0.0,0.0,0.0,0.0,0.0,0.0,0.0,0.0,0.0,0.0,0.0,0.0,0.0,0.0,0.0,0.0,0.0,0.0,0.0,0.0,0.0,0.0,0.0,0.0,0.0,0.0,0.0,0.0,0.0,0.0,0.0,0.0,0.0,0.0,0.0,0.0,0.0,0.0,0.0,0.0,0.0,0.0,0.0,0.0,0.0,0.0,0.0,0.0,0.0,0.0,0.0,0.0,0.0,0.0,0.0,0.0,0.0,0.0,0.0,0.0,0.0,0.0,0.0,0.0,0.0,0.0,0.0,0.0,0.0,0.0,0.0,0.0,0.0,0.0,0.0,0.0,0.0,0.0,0.0,0.0,0.0,0.0,0.0,0.0,0.0,0.0,0.0,0.0,0.0,0.0,0.0,0.0,0.0,0.0,0.0,-999.999,-999.999,-999.999,-999.999,-999.999,-999.999,-999.999,-999.999,-999.999,-999.999,-999.999,-999.999,-999.999,-999.999,-999.999,-999.999,-999.999,-999.999,-999.999,-999.999,-999.999,-999.999,-999.999,-999.999,-999.999,-999.999,-999.999,-999.999,-999.999,-999.999,-999.999,-999.999,-999.999,-999.999,-999.999,-999.999,-999.999,-999.999,-999.999,-999.999,-999.999,-999.999,-999.999,-999.999,-999.999,-999.999,-999.999,-999.999,-999.999,-999.999,-999.999,-999.999,-999.999,-999.999,-999.999,-999.999,-999.999,-999.999
11,1,transp,9,0.7196666666666667,0.0,0,7.0,4.0,7.400709388976664,25.0,15.856409238986078,1.2162927785745564e-09,0.0,0.0,0.0,0.0,0.0,0.0,0.0,0.0,0.0,0.0,0.0,0.0,0.0,0.0,0.0,0.0,0.0,0.0,0.0,0.0,0.0,0.0,0.0,0.0,0.0,0.0,0.0,0.0,0.0,0.0,0.0,0.0,0.0,0.0,0.0,0.0,0.0,0.0,0.0,0.0,0.0,0.0,0.0,0.0,0.0,0.0,0.0,0.0,0.0,0.0,0.0,0.0,0.0,0.0,0.0,0.0,0.0,0.0,0.0,0.0,0.0,0.0,0.0,0.0,0.0,0.0,0.0,0.0,0.0,0.0,0.0,0.0,0.0,0.0,0.0,0.0,0.0,0.0,0.0,0.0,0.0,0.0,0.0,0.0,0.0,0.0,0.0,0.0,0.0,0.0,0.0,0.0,0.0,0.0,0.0,0.0,0.0,0.0,0.0,0.0,0.0,0.0,0.0,0.0,0.0,0.0,0.0,0.0,0.0,0.0,0.0,0.0,0.0,0.0,0.0,0.0,0.0,0.0,0.0,0.0,0.0,0.0,0.0,0.0,0.0,0.0,0.0,0.0,0.0,0.0,0.0,0.0,0.0,0.0,0.0,0.0,0.0,0.0,0.0,-999.999,-999.999,-999.999,-999.999,-999.999,-999.999,-999.999,-999.999,-999.999,-999.999,-999.999,-999.999,-999.999,-999.999,-999.999,-999.999,-999.999,-999.999,-999.999,-999.999,-999.999,-999.999,-999.999,-999.999,-999.999,-999.999,-999.999,-999.999,-999.999,-999.999,-999.999,-999.999,-999.999,-999.999,-999.999,-999.999,-999.999,-999.999,-999.999,-999.999,-999.999,-999.999,-999.999,-999.999,-999.999,-999.999,-999.999,-999.999,-999.999,-999.999,-999.999,-999.999,-999.999,-999.999,-999.999,-999.999,-999.999,-999.999
12,1,transp,10,0.8043333333333333,0.0,0,7.0,4.0,7.304783079424589,25.0,15.856409238986078,1.2162927785745564e-09,0.0,0.0,0.0,0.0,0.0,0.0,0.0,0.0,0.0,0.0,0.0,0.0,0.0,0.0,0.0,0.0,0.0,0.0,0.0,0.0,0.0,0.0,0.0,0.0,0.0,0.0,0.0,0.0,0.0,0.0,0.0,0.0,0.0,0.0,0.0,0.0,0.0,0.0,0.0,0.0,0.0,0.0,0.0,0.0,0.0,0.0,0.0,0.0,0.0,0.0,0.0,0.0,0.0,0.0,0.0,0.0,0.0,0.0,0.0,0.0,0.0,0.0,0.0,0.0,0.0,0.0,0.0,0.0,0.0,0.0,0.0,0.0,0.0,0.0,0.0,0.0,0.0,0.0,0.0,0.0,0.0,0.0,0.0,0.0,0.0,0.0,0.0,0.0,0.0,0.0,0.0,0.0,0.0,0.0,0.0,0.0,0.0,0.0,0.0,0.0,0.0,0.0,0.0,0.0,0.0,0.0,0.0,0.0,0.0,0.0,0.0,0.0,0.0,0.0,0.0,0.0,0.0,0.0,0.0,0.0,0.0,0.0,0.0,0.0,0.0,0.0,0.0,0.0,0.0,0.0,0.0,0.0,0.0,0.0,0.0,0.0,0.0,0.0,0.0,-999.999,-999.999,-999.999,-999.999,-999.999,-999.999,-999.999,-999.999,-999.999,-999.999,-999.999,-999.999,-999.999,-999.999,-999.999,-999.999,-999.999,-999.999,-999.999,-999.999,-999.999,-999.999,-999.999,-999.999,-999.999,-999.999,-999.999,-999.999,-999.999,-999.999,-999.999,-999.999,-999.999,-999.999,-999.999,-999.999,-999.999,-999.999,-999.999,-999.999,-999.999,-999.999,-999.999,-999.999,-999.999,-999.999,-999.999,-999.999,-999.999,-999.999,-999.999,-999.999,-999.999,-999.999,-999.999,-999.999,-999.999,-999.999
13,1,transp,11,0.889,0.0,0,7.0,4.0,7.208856769872515,25.0,15.856409238986078,1.2162927785745564e-09,0.0,0.0,0.0,0.0,0.0,0.0,0.0,0.0,0.0,0.0,0.0,0.0,0.0,0.0,0.0,0.0,0.0,0.0,0.0,0.0,0.0,0.0,0.0,0.0,0.0,0.0,0.0,0.0,0.0,0.0,0.0,0.0,0.0,0.0,0.0,0.0,0.0,0.0,0.0,0.0,0.0,0.0,0.0,0.0,0.0,0.0,0.0,0.0,0.0,0.0,0.0,0.0,0.0,0.0,0.0,0.0,0.0,0.0,0.0,0.0,0.0,0.0,0.0,0.0,0.0,0.0,0.0,0.0,0.0,0.0,0.0,0.0,0.0,0.0,0.0,0.0,0.0,0.0,0.0,0.0,0.0,0.0,0.0,0.0,0.0,0.0,0.0,0.0,0.0,0.0,0.0,0.0,0.0,0.0,0.0,0.0,0.0,0.0,0.0,0.0,0.0,0.0,0.0,0.0,0.0,0.0,0.0,0.0,0.0,0.0,0.0,0.0,0.0,0.0,0.0,0.0,0.0,0.0,0.0,0.0,0.0,0.0,0.0,0.0,0.0,0.0,0.0,0.0,0.0,0.0,0.0,0.0,0.0,0.0,0.0,0.0,0.0,0.0,0.0,-999.999,-999.999,-999.999,-999.999,-999.999,-999.999,-999.999,-999.999,-999.999,-999.999,-999.999,-999.999,-999.999,-999.999,-999.999,-999.999,-999.999,-999.999,-999.999,-999.999,-999.999,-999.999,-999.999,-999.999,-999.999,-999.999,-999.999,-999.999,-999.999,-999.999,-999.999,-999.999,-999.999,-999.999,-999.999,-999.999,-999.999,-999.999,-999.999,-999.999,-999.999,-999.999,-999.999,-999.999,-999.999,-999.999,-999.999,-999.999,-999.999,-999.999,-999.999,-999.999,-999.999,-999.999,-999.999,-999.999,-999.999,-999.999
14,1,transp,12,0.9736666666666667,0.0,0,7.0,4.0,-99.0,25.0,15.856409238986078,1.2162927785745564e-09,0.0,0.0,0.0,0.0,0.0,0.0,0.0,0.0,0.0,0.0,0.0,0.0,0.0,0.0,0.0,0.0,0.0,0.0,0.0,0.0,0.0,0.0,0.0,0.0,0.0,0.0,0.0,0.0,0.0,0.0,0.0,0.0,0.0,0.0,0.0,0.0,0.0,0.0,0.0,0.0,0.0,0.0,0.0,0.0,0.0,0.0,0.0,0.0,0.0,0.0,0.0,0.0,0.0,0.0,0.0,0.0,0.0,0.0,0.0,0.0,0.0,0.0,0.0,0.0,0.0,0.0,0.0,0.0,0.0,0.0,0.0,0.0,0.0,0.0,0.0,0.0,0.0,0.0,0.0,0.0,0.0,0.0,0.0,0.0,0.0,0.0,0.0,0.0,0.0,0.0,0.0,0.0,0.0,0.0,0.0,0.0,0.0,0.0,0.0,0.0,0.0,0.0,0.0,0.0,0.0,0.0,0.0,0.0,0.0,0.0,0.0,0.0,0.0,0.0,0.0,0.0,0.0,0.0,0.0,0.0,0.0,0.0,0.0,0.0,0.0,0.0,0.0,0.0,0.0,0.0,0.0,0.0,0.0,0.0,0.0,0.0,0.0,0.0,0.0,-999.999,-999.999,-999.999,-999.999,-999.999,-999.999,-999.999,-999.999,-999.999,-999.999,-999.999,-999.999,-999.999,-999.999,-999.999,-999.999,-999.999,-999.999,-999.999,-999.999,-999.999,-999.999,-999.999,-999.999,-999.999,-999.999,-999.999,-999.999,-999.999,-999.999,-999.999,-999.999,-999.999,-999.999,-999.999,-999.999,-999.999,-999.999,-999.999,-999.999,-999.999,-999.999,-999.999,-999.999,-999.999,-999.999,-999.999,-999.999,-999.999,-999.999,-999.999,-999.999,-999.999,-999.999,-999.999,-999.999,-999.999,-999.999
15,1,transp,1,0.042333333333333334,201.64274871602325,56,8.176550095572294,0.2679,8.168119865393262,24.5,15.758304670352874,3.8239730946224396e-05,0.00013216130065784007,8.514477347977681e-08,0.0,0.0,0.0,0.020527874179533077,0.7422636838116311,0.0,1.1955277856748812e-07,0.0,0.0,0.00818350496598966,3.491753136391573e-05,0.07198880008700226,5.9207852704039185e-09,0.759092368212566,0.0,0.0,0.10512201292755988,0.10512201292755988,0.0,0.00010069445898430938,0.0,0.0,0.0,0.0,0.0,0.0,0.0,0.0,0.0,0.0,0.0,0.0,0.0,0.0,0.0,0.0,0.0,0.0,0.0,0.0,0.0,0.0,0.0,0.0,0.0,0.0,0.0,0.0,0.0,0.0,0.0,0.0,0.0,0.0,0.0,0.0,0.0,0.0,0.0,0.0,0.0,0.0,0.0,0.0,0.0,0.0,0.0,0.0,0.0,0.0,0.0,0.0,0.0,0.0,0.0,0.0,0.0,0.0,0.0,0.0,0.0,0.0,0.0,0.0,0.0,0.0,0.0,0.0,0.0,0.0,0.0,0.0,0.0,0.0,0.0,0.0,0.0,0.0,0.0,0.0,0.0,0.0,0.0,0.0,0.0,0.0,0.0,0.0,0.0,0.0,0.0,0.0,0.0,0.0,0.0,0.0,0.0,0.0,0.0,0.0,0.0,0.0,0.0,0.0,0.0,0.0,0.0,0.0,0.0,0.0,0.0,0.0,0.0,0.0,0.0,0.0,0.0,-999.999,-0.35521662708342294,-999.999,-999.999,-999.999,-4.903610454850801,-999.999,-0.25317136949506747,-7.171152846426269,-4.442253188098745,-2.600595360506583,-999.999,-999.999,-9.647486114709324,-0.265074390991507,-999.999,-999.999,-999.999,-999.999,-999.999,-2.2153140805808595,-999.999,-999.999,-7.753099218800038,-2.012018090421723,-0.40612357609105487,-0.023537869518717613,-2.218134501824557,-2.48853478291496,-999.999,-6.479856730600788,-999.999,-3.736860828195174,-4.467618646930345,-3.144259555464902,-6.8418992280829505,-999.999,-17.1233075978087,-9.536843752774296,-1.614944841265289,-71.98357317386957,-999.999,-999.999,-999.999,-2.758121565292736,-999.999,-6.25298993244126,-8.912662940232066,-999.999,-6.516623247738617,-999.999,-3.549400960559357,-4.981017425468677,-999.999,-2.460103887885105,-999.999,-12.732964595791051,-7.595492346004433
16,1,transp,2,0.127,201.64274871602325,56,8.174866964095724,0.26789999999999997,8.072193555841187,24.5,15.612299965723153,3.8597345176193424e-05,0.0001333972602354234,8.594103908659669e-08,0.0,0.0,0.0,0.020719848854159062,0.7492052612954238,0.0,1.2067082447749905e-07,0.0,0.0,0.008260036305255155,3.5244076707289246e-05,0.07266203231519153,5.976155876048657e-09,0.7661913259093974,0.0,0.0,0.10610510372656247,0.10610510372656247,0.0,0.00010163614373122061,0.0,0.0,0.0,0.0,0.0,0.0,0.0,0.0,0.0,0.0,0.0,0.0,0.0,0.0,0.0,0.0,0.0,0.0,0.0,0.0,0.0,0.0,0.0,0.0,0.0,0.0,0.0,0.0,0.0,0.0,0.0,0.0,0.0,0.0,0.0,0.0,0.0,0.0,0.0,0.0,0.0,0.0,0.0,0.0,0.0,0.0,0.0,0.0,0.0,0.0,0.0,0.0,0.0,0.0,0.0,0.0,0.0,0.0,0.0,0.0,0.0,0.0,0.0,0.0,0.0,0.0,0.0,0.0,0.0,0.0,0.0,0.0,0.0,0.0,0.0,0.0,0.0,0.0,0.0,0.0,0.0,0.0,0.0,0.0,0.0,0.0,0.0,0.0,0.0,0.0,0.0,0.0,0.0,0.0,0.0,0.0,0.0,0.0,0.0,0.0,0.0,0.0,0.0,0.0,0.0,0.0,0.0,0.0,0.0,0.0,0.0,0.0,0.0,0.0,0.0,0.0,0.0,-999.999,-0.35055904406871985,-999.999,-999.999,-999.999,-4.895732162178511,-999.999,-0.24914360031334404,-7.159908883346427,-4.429054487359368,-2.5996212573611537,-999.999,-999.999,-9.628842058769166,-0.26059098485603815,-999.999,-999.999,-999.999,-999.999,-999.999,-2.211106770341572,-999.999,-999.999,-7.736958224229882,-1.998713396283577,-0.3750721281374645,-0.019109806088445147,-2.210349999738667,-2.4842127128834566,-999.999,-6.467790288332324,-999.999,-3.7319649592025934,-4.445896361253188,-3.139707965848968,-6.829469345794727,-999.999,-17.111604595559996,-9.525370270110024,-1.607445328064001,-71.94063898501561,-999.999,-999.999,-999.999,-2.753684735469018,-999.999,-6.2310153645392,-8.91204188285673,-999.999,-6.504422885034825,-999.999,-3.542000867699042,-4.968596309573899,-999.999,-2.4514567767616624,-999.999,-12.71331909736899,-7.581557753097848
17,1,transp,3,0.21166666666666667,201.64274871602325,56,8.173169639545362,0.26789999999999986,7.976267246289113,24.50000000000001,15.468023465833562,3.895735819831556e-05,0.00013464151033944636,8.674264585601307e-08,0.0,0.0,0.0,0.020913111249793767,0.7561934012499129,0.0,1.2179636997676685e-07,0.0,0.0,0.008337080998761853,3.5572812440097854e-05,0.07333978042697753,6.031897894705609e-09,0.773337901746414,0.0,0.0,0.10709478886764758,0.10709478886764758,0.0,0.00010258414507814623,0.0,0.0,0.0,0.0,0.0,0.0,0.0,0.0,0.0,0.0,0.0,0.0,0.0,0.0,0.0,0.0,0.0,0.0,0.0,0.0,0.0,0.0,0.0,0.0,0.0,0.0,0.0,0.0,0.0,0.0,0.0,0.0,0.0,0.0,0.0,0.0,0.0,0.0,0.0,0.0,0.0,0.0,0.0,0.0,0.0,0.0,0.0,0.0,0.0,0.0,0.0,0.0,0.0,0.0,0.0,0.0,0.0,0.0,0.0,0.0,0.0,0.0,0.0,0.0,0.0,0.0,0.0,0.0,0.0,0.0,0.0,0.0,0.0,0.0,0.0,0.0,0.0,0.0,0.0,0.0,0.0,0.0,0.0,0.0,0.0,0.0,0.0,0.0,0.0,0.0,0.0,0.0,0.0,0.0,0.0,0.0,0.0,0.0,0.0,0.0,0.0,0.0,0.0,0.0,0.0,0.0,0.0,0.0,0.0,0.0,0.0,0.0,0.0,0.0,0.0,0.0,0.0,-999.999,-0.3459071443023589,-999.999,-999.999,-999.999,-4.887880502317692,-999.999,-0.2451186700768826,-7.148676776243162,-4.415883801377284,-2.5986683854856825,-999.999,-999.999,-9.61022527833909,-0.25611317625063545,-999.999,-999.999,-999.999,-999.999,-999.999,-2.206907992414731,-999.999,-999.999,-7.720868243986457,-1.9854365156128253,-0.34407661182846283,-0.014689191089319209,-2.202578665890068,-2.479898292572999,-999.999,-6.455744267544201,-999.999,-3.7270723269740493,-4.4242257844452775,-3.1351622607712746,-6.8170719808562135,-999.999,-17.099909918922265,-9.513906878239524,-1.5999767709957817,-71.89775999166396,-999.999,-999.999,-999.999,-2.749254672774942,-999.999,-6.209082915300733,-8.91144538582706,-999.999,-6.492256804863547,-999.999,-3.5346161943722296,-4.956208392330337,-999.999,-2.4428317958572707,-999.999,-12.693751325928721,-7.567665350059543
18,1,transp,4,0.29633333333333334,201.64274871602325,56,8.171458474299843,0.26789999999999975,7.880340936737038,24.500000000000203,15.325475174336585,3.9319715958259734e-05,0.00013589386415229393,8.754947343098211e-08,0.0,0.0,0.0,0.021107632349104,0.7632270544426025,0.0,1.2292924607054884e-07,0.0,0.0,0.008414627478653843,3.590368920439813e-05,0.07402194266204243,6.088002957003663e-09,0.780531022702805,0.0,0.0,0.10809091975479151,0.10809091975479151,0.0,0.00010353832068766534,0.0,0.0,0.0,0.0,0.0,0.0,0.0,0.0,0.0,0.0,0.0,0.0,0.0,0.0,0.0,0.0,0.0,0.0,0.0,0.0,0.0,0.0,0.0,0.0,0.0,0.0,0.0,0.0,0.0,0.0,0.0,0.0,0.0,0.0,0.0,0.0,0.0,0.0,0.0,0.0,0.0,0.0,0.0,0.0,0.0,0.0,0.0,0.0,0.0,0.0,0.0,0.0,0.0,0.0,0.0,0.0,0.0,0.0,0.0,0.0,0.0,0.0,0.0,0.0,0.0,0.0,0.0,0.0,0.0,0.0,0.0,0.0,0.0,0.0,0.0,0.0,0.0,0.0,0.0,0.0,0.0,0.0,0.0,0.0,0.0,0.0,0.0,0.0,0.0,0.0,0.0,0.0,0.0,0.0,0.0,0.0,0.0,0.0,0.0,0.0,0.0,0.0,0.0,0.0,0.0,0.0,0.0,0.0,0.0,0.0,0.0,0.0,0.0,0.0,0.0,0.0,0.0,-999.999,-0.34126159091120645,-999.999,-999.999,-999.999,-4.880056656537862,-999.999,-0.24109715927403919,-7.137458264741798,-4.402743060318901,-2.597736682932677,-999.999,-999.999,-9.591638668815548,-0.251641577060445,-999.999,-999.999,-999.999,-999.999,-999.999,-2.202718341670392,-999.999,-999.999,-7.70483169589844,-1.9721894033850624,-0.3131415095854919,-0.010276658683107343,-2.1948217113394524,-2.475592131336182,-999.999,-6.443720476807781,-999.999,-3.722183613274851,-4.402610134365852,-3.1306230785495077,-6.804708952854635,-999.999,-17.08822536545098,-9.502455345753207,-1.592540317083925,-71.85494310658363,-999.999,-999.999,-999.999,-2.7448320010456504,-999.999,-6.187195759531903,-8.910873354074575,-999.999,-6.48012679784692,-999.999,-3.5272480963500508,-4.9438555036518474,-999.999,-2.4342302370206466,-999.999,-12.674264248130884,-7.553817233890655
19,1,transp,5,0.381,201.64274871602325,56,8.169733838837022,0.26789999999999964,7.7844146271849635,24.50000000000275,15.184655091232225,3.968436076855687e-05,0.00013715412229666336,8.836139336289484e-08,0.0,0.0,0.0,0.02130338118393055,0.77030510110144,0.0,1.240692724026414e-07,0.0,0.0,0.008492663399372043,3.623665432392905e-05,0.07470841041875548,6.144462130901386e-09,0.7877695436189217,0.0,0.0,0.10909333780190857,0.10909333780190857,0.0,0.00010449851865305807,0.0,0.0,0.0,0.0,0.0,0.0,0.0,0.0,0.0,0.0,0.0,0.0,0.0,0.0,0.0,0.0,0.0,0.0,0.0,0.0,0.0,0.0,0.0,0.0,0.0,0.0,0.0,0.0,0.0,0.0,0.0,0.0,0.0,0.0,0.0,0.0,0.0,0.0,0.0,0.0,0.0,0.0,0.0,0.0,0.0,0.0,0.0,0.0,0.0,0.0,0.0,0.0,0.0,0.0,0.0,0.0,0.0,0.0,0.0,0.0,0.0,0.0,0.0,0.0,0.0,0.0,0.0,0.0,0.0,0.0,0.0,0.0,0.0,0.0,0.0,0.0,0.0,0.0,0.0,0.0,0.0,0.0,0.0,0.0,0.0,0.0,0.0,0.0,0.0,0.0,0.0,0.0,0.0,0.0,0.0,0.0,0.0,0.0,0.0,0.0,0.0,0.0,0.0,0.0,0.0,0.0,0.0,0.0,0.0,0.0,0.0,0.0,0.0,0.0,0.0,0.0,0.0,-999.999,-0.336623068216122,-999.999,-999.999,-999.999,-4.872261830072505,-999.999,-0.23707966963219107,-7.126255140852581,-4.389634245922398,-2.596826079782115,-999.999,-999.999,-9.57308520713166,-0.2471768192528483,-999.999,-999.999,-999.999,-999.999,-999.999,-2.1985384298197475,-999.999,-999.999,-7.688851049299202,-1.9589740668875422,-0.2822714325593303,-0.005872861816988539,-2.187080379876245,-2.4712948565710455,-999.999,-6.4317207755045365,-999.999,-3.717299523937344,-4.381052709894855,-3.126091077955443,-6.792382125795203,-999.999,-17.07655278990372,-9.491017496035036,-1.5851371324262695,-71.81219543090445,-999.999,-999.999,-999.999,-2.7404173633660527,-999.999,-6.165357161253432,-8.910325680480891,-999.999,-6.468034696616422,-999.999,-3.5198977585553664,-4.931539517405846,-999.999,-2.425653423218192,-999.999,-12.65486088395273,-7.540015548021785
20,1,transp,6,0.4656666666666667,201.64274871602325,56,8.167996122161883,0.2678999999999995,7.688488317632888,24.500000000029257,15.045563216517817,4.005123119147783e-05,0.0001384220724375412,8.91782688551498e-08,0.0,0.0,0.0,0.02150032476851131,0.7774263486793731,0.0,1.2521625689532706e-07,0.0,0.0,0.00857117561300831,3.657165169895148e-05,0.07539906803736787,6.201265903856174e-09,0.7950522449101528,0.0,0.0,0.11010187411130515,0.11010187411130515,0.0,0.00010546457719505138,0.0,0.0,0.0,0.0,0.0,0.0,0.0,0.0,0.0,0.0,0.0,0.0,0.0,0.0,0.0,0.0,0.0,0.0,0.0,0.0,0.0,0.0,0.0,0.0,0.0,0.0,0.0,0.0,0.0,0.0,0.0,0.0,0.0,0.0,0.0,0.0,0.0,0.0,0.0,0.0,0.0,0.0,0.0,0.0,0.0,0.0,0.0,0.0,0.0,0.0,0.0,0.0,0.0,0.0,0.0,0.0,0.0,0.0,0.0,0.0,0.0,0.0,0.0,0.0,0.0,0.0,0.0,0.0,0.0,0.0,0.0,0.0,0.0,0.0,0.0,0.0,0.0,0.0,0.0,0.0,0.0,0.0,0.0,0.0,0.0,0.0,0.0,0.0,0.0,0.0,0.0,0.0,0.0,0.0,0.0,0.0,0.0,0.0,0.0,0.0,0.0,0.0,0.0,0.0,0.0,0.0,0.0,0.0,0.0,0.0,0.0,0.0,0.0,0.0,0.0,0.0,0.0,-999.999,-0.33199228240145207,-999.999,-999.999,-999.999,-4.864497252496513,-999.999,-0.2330668246557437,-7.115069250115287,-4.376559392683113,-2.595936498102983,-999.999,-999.999,-9.554567953424607,-0.24271955547058433,-999.999,-999.999,-999.999,-999.999,-999.999,-2.1943688858473966,-999.999,-999.999,-7.672928825902273,-1.9457925670069791,-0.2514711243131167,-0.0014784728031429495,-2.179355948661213,-2.467007114198175,-999.999,-6.419747074960792,-999.999,-3.7124207895628323,-4.359556892749066,-3.1215669387821436,-6.780093409045684,-999.999,-17.064894105563525,-9.479595208497035,-1.5777684023640561,-71.76952425771164,-999.999,-999.999,-999.999,-2.7360114225930054,-999.999,-6.143570476074764,-8.909802245761407,-999.999,-6.455982376667408,-999.999,-3.5125663955854596,-4.919262352415046,-999.999,-2.4171027091520716,-999.999,-12.635544307242405,-7.526262483086564
21,1,transp,7,0.5503333333333333,201.64274871602325,56,8.166470566209314,0.2678999999999994,7.592562008080813,24.500000000254555,14.908127991478873,4.0420455950339675e-05,0.0001396981594611221,9.000038652516973e-08,0.0,0.0,0.0,0.021565317835610148,0.7845932958133827,0.0,1.263706019918264e-07,0.0,0.0,0.008650191667196699,3.690879887022371e-05,0.07609415784940685,6.258434206644487e-09,0.8023816818628943,0.0,0.0,0.11098366817982505,0.11098366817982505,0.0,0.00010643683527525663,0.0,0.0,0.0,0.0,0.0,0.0,0.0,0.0,0.0,0.0,0.0,0.0,0.0,0.0,0.0,0.0,0.0,0.0,0.0,0.0,0.0,0.0,0.0,0.0,0.0,0.0,0.0,0.0,0.0,0.0,0.0,0.0,0.0,0.0,0.0,0.0,0.0,0.0,0.0,0.0,0.0,0.0,0.0,0.0,0.0,0.0,0.0,0.0,0.0,0.0,0.0,0.0,0.0,0.1451493199347444,0.0029831547780267975,0.0,0.0,0.0,0.0,0.0,0.0,0.0,0.0,0.0,0.0,0.0,0.0,0.0,0.0,0.0,0.0,0.0,0.0,0.0,0.0,0.0,0.0,0.0,0.0,0.0,0.0,0.0,0.0,0.0,0.0,0.0,0.0,0.0,0.0,0.0,0.0,0.0,0.0,0.0,0.0,0.0,0.0,0.0,0.0,0.0,0.0,0.0,0.0,0.0,0.0,0.0,0.0,0.0,0.0,0.0,0.0,0.0,0.0,0.0,0.0,0.0,0.0,-999.999,-0.33027807394815234,-999.999,-999.999,-999.999,-4.857051452641537,-999.999,-0.22924521633820483,-7.103793042097047,-4.36410333502452,-2.594550168765643,-999.999,-999.999,-9.535936456238638,-0.23851580193696797,-999.999,-999.999,-999.999,-999.999,-999.999,-2.1904753241419987,-999.999,-999.999,-7.657655679878259,-1.9358694660741875,-0.23557215003907217,2.842170943040401e-14,-2.171619113179113,-2.462995684666824,-999.999,-6.408026752787649,-999.999,-3.7078200209098826,-4.341660634985055,-3.117319773604063,-6.768400444009553,-999.999,-17.053146426234548,-9.468083264829705,-1.5707381881301155,-71.73045134377796,-999.999,-999.999,-999.999,-2.731882125238605,-999.999,-6.128213358490584,-8.911420344443908,-999.999,-6.444525147278635,-999.999,-3.5052111064165277,-4.910220211925994,-999.999,-2.4088938166704965,-999.999,-12.615807055559484,-7.512283787482293
22,1,transp,8,0.635,201.64274871602325,56,8.165046922455872,0.2678999999999993,7.496635698528739,24.500000001863828,14.772385590563243,4.0791876646211674e-05,0.00014098183591625384,9.082739367817038e-08,0.0,0.0,0.0,0.021562564556431983,0.7918028678261825,0.0,1.2753181246892664e-07,0.0,0.0,0.008729677663421732,3.7247951198928e-05,0.0767933816557995,6.3159425136118385e-09,0.809754710090399,0.0,0.0,0.11180257376456161,0.11180257376456161,0.0,0.00010741487578723536,0.0,0.0,0.0,0.0,0.0,0.0,0.0,0.0,0.0,0.0,0.0,0.0,0.0,0.0,0.0,0.0,0.0,0.0,0.0,0.0,0.0,0.0,0.0,0.0,0.0,0.0,0.0,0.0,0.0,0.0,0.0,0.0,0.0,0.0,0.0,0.0,0.0,0.0,0.0,0.0,0.0,0.0,0.0,0.0,0.0,0.0,0.0,0.0,0.0,0.0,0.0,0.0,0.0,0.14352347452164696,0.0029570671108696545,0.0,0.0,0.0,0.0,0.0,0.0,0.0,0.0,0.0,0.0,0.0,0.0,0.0,0.0,0.0,0.0,0.0,0.0,0.0,0.0,0.0,0.0,0.0,0.0,0.0,0.0,0.0,0.0,0.0,0.0,0.0,0.0,0.0,0.0,0.0,0.0,0.0,0.0,0.0,0.0,0.0,0.0,0.0,0.0,0.0,0.0,0.0,0.0,0.0,0.0,0.0,0.0,0.0,0.0,0.0,0.0,0.0,0.0,0.0,0.0,0.0,0.0,-999.999,-0.33004193708978935,-999.999,-999.999,-999.999,-4.849780337486301,-999.999,-0.22552054119711862,-7.092484300299064,-4.351974470234715,-2.5929230154332608,-999.999,-999.999,-9.517272066049573,-0.23444264292576023,-999.999,-999.999,-999.999,-999.999,-999.999,-2.1867248324529593,-999.999,-999.999,-7.642736923221669,-1.9276091613919757,-0.22723841918127263,-2.042810365310288e-14,-2.163886938438205,-2.45912712454224,-999.999,-6.396448338992448,-999.999,-3.7033611186658533,-4.3256122993242,-3.1132150766453637,-6.757024631874347,-999.999,-17.041365410644882,-9.456538386180736,-1.5638947045621485,-71.69322584141354,-999.999,-999.999,-999.999,-2.727895496699216,-999.999,-6.116129135842229,-8.914134024890874,-999.999,-6.433385471982052,-999.999,-3.4978554580168124,-4.902831028300557,-999.999,-2.400869648831752,-999.999,-12.59590492431481,-7.49821894100223
23,1,transp,9,0.7196666666666667,201.64274871602325,56,8.163611287988157,0.2678999999999992,7.400709388976664,24.50000001172061,14.638372582062761,4.11653226750867e-05,0.0001422725121761424,9.165891044773193e-08,0.0,0.0,0.0,0.02155945792244193,0.7990517531692651,0.0,1.2869935495171735e-07,0.0,0.0,0.00880959709164752,3.7588952903363577e-05,0.07749641828442248,6.3737644096608656e-09,0.8171679429643607,0.0,0.0,0.11262560644717291,0.11262560644717291,0.0,0.00010839824949092112,0.0,0.0,0.0,0.0,0.0,0.0,0.0,0.0,0.0,0.0,0.0,0.0,0.0,0.0,0.0,0.0,0.0,0.0,0.0,0.0,0.0,0.0,0.0,0.0,0.0,0.0,0.0,0.0,0.0,0.0,0.0,0.0,0.0,0.0,0.0,0.0,0.0,0.0,0.0,0.0,0.0,0.0,0.0,0.0,0.0,0.0,0.0,0.0,0.0,0.0,0.0,0.0,0.0,0.13900997742744922,0.002924167634546837,0.0,0.0,0.0,0.0,0.0,0.0,0.0,0.0,0.0,0.0,0.0,0.0,0.0,0.0,0.0,0.0,0.0,0.0,0.0,0.0,0.0,0.0,0.0,0.0,0.0,0.0,0.0,0.0,0.0,0.0,0.0,0.0,0.0,0.0,0.0,0.0,0.0,0.0,0.0,0.0,0.0,0.0,0.0,0.0,0.0,0.0,0.0,0.0,0.0,0.0,0.0,0.0,0.0,0.0,0.0,0.0,0.0,0.0,0.0,0.0,0.0,0.0,-999.999,-0.32980427944519697,-999.999,-999.999,-999.999,-4.842538362910306,-999.999,-0.2217982734804913,-7.0812010763442546,-4.339877336040519,-2.591318454737266,-999.999,-999.999,-9.498656699710391,-0.2303754911152307,-999.999,-999.999,-999.999,-999.999,-999.999,-2.182982747837142,-999.999,-999.999,-7.627874679697548,-1.9193729405703053,-0.21892698618572837,0.0,-2.156176501658142,-2.4552662110652568,-999.999,-6.3848987967136,-999.999,-3.698906061240011,-4.309615172889582,-3.109116505672524,-6.745684086195696,-999.999,-17.02960687094221,-9.44501750462673,-1.557084429387066,-71.65606293757453,-999.999,-999.999,-999.999,-2.723915754488104,-999.999,-6.104075617609396,-8.916865692581487,-999.999,-6.422282583826855,-999.999,-3.4905233155795736,-4.895470224651376,-999.999,-2.3928710855636086,-999.999,-12.57610108222205,-7.484211112765862
24,1,transp,10,0.8043333333333333,201.64274871602325,56,8.162164048915368,0.2678999999999991,7.304783079424589,24.500000064290013,14.506088970232039,4.1540716592760274e-05,0.0001435699205826055,9.249476439536644e-08,0.0,0.0,0.0,0.02155599738498944,0.806338448581504,0.0,1.298729873172894e-07,0.0,0.0,0.008889933378323285,3.7931733267195484e-05,0.07820312194077335,6.4318879037879636e-09,0.8246198431415511,0.0,0.0,0.11345259435568678,0.11345259435568678,0.0,0.0001093867524560009,0.0,0.0,0.0,0.0,0.0,0.0,0.0,0.0,0.0,0.0,0.0,0.0,0.0,0.0,0.0,0.0,0.0,0.0,0.0,0.0,0.0,0.0,0.0,0.0,0.0,0.0,0.0,0.0,0.0,0.0,0.0,0.0,0.0,0.0,0.0,0.0,0.0,0.0,0.0,0.0,0.0,0.0,0.0,0.0,0.0,0.0,0.0,0.0,0.0,0.0,0.0,0.0,0.0,0.13455237562185465,0.0028911495872643855,0.0,0.0,0.0,0.0,0.0,0.0,0.0,0.0,0.0,0.0,0.0,0.0,0.0,0.0,0.0,0.0,0.0,0.0,0.0,0.0,0.0,0.0,0.0,0.0,0.0,0.0,0.0,0.0,0.0,0.0,0.0,0.0,0.0,0.0,0.0,0.0,0.0,0.0,0.0,0.0,0.0,0.0,0.0,0.0,0.0,0.0,0.0,0.0,0.0,0.0,0.0,0.0,0.0,0.0,0.0,0.0,0.0,0.0,0.0,0.0,0.0,0.0,-999.999,-0.3295651449166108,-999.999,-999.999,-999.999,-4.835326826441128,-999.999,-0.21807912151588837,-7.069945452171734,-4.327814114143811,-2.5897365451599565,-999.999,-999.999,-9.480093784276649,-0.22631505758881154,-999.999,-999.999,-999.999,-999.999,-999.999,-2.179249738709786,-999.999,-999.999,-7.613071618948611,-1.9111622947155524,-0.2106393495702008,0.0,-2.148489222461118,-2.4514136344662445,-999.999,-6.373380227323721,-999.999,-3.69445564918657,-4.293672149808388,-3.1050247953380556,-6.7343808386994715,-999.999,-17.017872975266002,-9.433522746167618,-1.55030858952611,-71.61896997639641,-999.999,-999.999,-999.999,-2.7199436110949584,-999.999,-6.092054968551814,-8.91961462663566,-999.999,-6.411218470213275,-999.999,-3.483216024036399,-4.888139119579674,-999.999,-2.384899573751824,-999.999,-12.556398990383125,-7.470262775243502
25,1,transp,11,0.889,201.64274871602325,56,8.160705609015846,0.267899999999999,7.208856769872515,24.500000311365756,14.375534762603662,4.191797667033893e-05,0.00014487377866722402,9.333477354110146e-08,0.0,0.0,0.0,0.02155218274076765,0.8136613676223116,0.0,1.310524540454172e-07,0.0,0.0,0.008970669032839277,3.8276217661163904e-05,0.07891333876314922,6.490300341495454e-09,0.8321087882134275,0.0,0.0,0.11428335648369661,0.11428335648369661,0.0,0.00011038016946815332,0.0,0.0,0.0,0.0,0.0,0.0,0.0,0.0,0.0,0.0,0.0,0.0,0.0,0.0,0.0,0.0,0.0,0.0,0.0,0.0,0.0,0.0,0.0,0.0,0.0,0.0,0.0,0.0,0.0,0.0,0.0,0.0,0.0,0.0,0.0,0.0,0.0,0.0,0.0,0.0,0.0,0.0,0.0,0.0,0.0,0.0,0.0,0.0,0.0,0.0,0.0,0.0,0.0,0.13015800682207437,0.002858011406791122,0.0,0.0,0.0,0.0,0.0,0.0,0.0,0.0,0.0,0.0,0.0,0.0,0.0,0.0,0.0,0.0,0.0,0.0,0.0,0.0,0.0,0.0,0.0,0.0,0.0,0.0,0.0,0.0,0.0,0.0,0.0,0.0,0.0,0.0,0.0,0.0,0.0,0.0,0.0,0.0,0.0,0.0,0.0,0.0,0.0,0.0,0.0,0.0,0.0,0.0,0.0,0.0,0.0,0.0,0.0,0.0,0.0,0.0,0.0,0.0,0.0,0.0,-999.999,-0.3293245788445418,-999.999,-999.999,-999.999,-4.828147052552376,-999.999,-0.21436381970741003,-7.058719565550515,-4.315787043078222,-2.588177336001193,-999.999,-999.999,-9.461586835641477,-0.22226207591459257,-999.999,-999.999,-999.999,-999.999,-999.999,-2.1755264933827743,-999.999,-999.999,-7.598330467181675,-1.9029787503695168,-0.2023770529482647,0.0,-2.1408265558705173,-2.447570105128651,-999.999,-6.3618947881014805,-999.999,-3.6900107087441674,-4.277786191244208,-3.100940703656223,-6.723116969873177,-999.999,-17.006165945002287,-9.422056294611824,-1.5435684360760722,-71.58195449066781,-999.999,-999.999,-999.999,-2.715979800931139,-999.999,-6.080069411024095,-8.922380069442003,-999.999,-6.4001951644230095,-999.999,-3.475934960697272,-4.880839056364556,-999.999,-2.3769565931952243,-999.999,-12.53680216776684,-7.456376451984511
26,1,transp,12,0.9736666666666667,201.64274871602325,56,8.160214887466967,0.2679005623985816,-99.0,24.50000145760719,14.3322090715577,4.204468668861677e-05,0.00014531170437054046,9.361690669675289e-08,0.0,0.0,0.0,0.02155082280295214,0.8161209101976193,0.0,1.3144860052987044e-07,0.0,0.0,0.00899778564829292,3.839191934088665e-05,0.07915187868180432,6.509919277150478e-09,0.8346240938102498,0.0,0.0,0.11456230513487421,0.11456230513487421,0.0,0.00011071382759311404,0.0,0.0,0.0,0.0,0.0,0.0,0.0,0.0,0.0,0.0,0.0,0.0,0.0,0.0,0.0,0.0,0.0,0.0,0.0,0.0,0.0,0.0,0.0,0.0,0.0,0.0,0.0,0.0,0.0,0.0,0.0,0.0,0.0,0.0,0.0,0.0,0.0,0.0,0.0,0.0,0.0,0.0,0.0,0.0,0.0,0.0,0.0,0.0,0.0,0.0,0.0,0.0,0.0,0.0,0.0,0.0,0.0,0.0,0.0,0.0,0.0,0.0,0.0,0.0,0.0,0.0,0.0,0.0,0.0,0.0,0.0,0.0,0.0,0.0,0.0,0.0,0.0,0.0,0.0,0.0,0.0,0.0,0.0,0.0,0.0,0.0,0.0,0.0,0.0,0.0,0.0,0.0,0.0,0.0,0.0,0.0,0.0,0.0,0.0,0.0,0.0,0.0,0.0,0.0,0.0,0.0,0.0,0.0,0.0,0.0,0.0,0.0,0.0,0.0,0.0,0.0,0.0,-999.999,-0.3292437943575601,-999.999,-999.999,-999.999,-4.82575059279665,-999.999,-0.21312093324471704,-7.054968114672172,-4.311768833911092,-2.5876603373480567,-999.999,-999.999,-9.45540378164345,-0.22090692345542973,-999.999,-999.999,-999.999,-999.999,-999.999,-2.174282259658044,-999.999,-999.999,-7.593409427184611,-1.9002452818235218,-0.19961721784505926,-8.151836894398912e-08,-2.138266829538236,-2.4462854338800653,-999.999,-6.358057220465723,-999.999,-3.688523891388626,-4.2724808952910935,-3.099575183696499,-6.719354975054965,-999.999,-17.002252708769586,-9.418223983005184,-1.5413200563599823,-71.56958028378467,-999.999,-999.999,-999.999,-2.7146547069316673,-999.999,-6.076065025367772,-8.92330951141777,-999.999,-6.3965140215253,-999.999,-3.4735033514298066,-4.878402215943464,-999.999,-2.3743038985467377,-999.999,-12.530265225369495,-7.451741567657117
